"Estado,Bacia,Nome Poço,Campo,Operador,Número do Contrato,Período,Óleo (bbl/dia),Condensado (bbl/dia),Petróleo (bbl/dia),Gás Natural (Mm³/dia),Volume Gás Royalties (Mm³/dia),Água (bbl/dia),Instalação Destino,Tipo Instalação,Tempo de Produção (hs por mês),Período da Carga,Corrente,Grau API,Fração de Destilados,% em Volumes,Densidade GLP Gás,Densidade GLP Líquido,""PCS GP"
"(kJ/m³)"",Data de atualização"
"Rio de Janeiro,Santos,1-BRSA-1116-RJS,ITAPU_ECO,Petrobras,48610012913201005,2023/01,""24.589,0097"",""0,0000"",""24.589,0097"",""288,0496"",""8.897,09100"",""15,4500"",PETROBRAS 71,UEP,0.0,2022/12,ITAPU,""29,3"",< 270ºC,""67,708"",""2,004"",""528,51919"",""42662,1051"",13/03/2023"
"Rio de Janeiro,Santos,7-LL-105-RJS,SUL DE TUPI,Petrobras,486100038862000,2023/01,""1.581,4644"",""0,0000"",""1.581,4644"",""58,9039"",""914,01000"",""0,0000"",Petrobras 66 (P-66),UEP,677.0,2022/02,Área de Sul de Tupi,""30,2"",< 270ºC,""71,809"",""2,00144"",""528,22646"",""38798,0539"",13/03/2023"
"Rio de Janeiro,Santos,7-LL-97-RJS,SUL DE TUPI,Petrobras,486100038862000,2023/01,""558,4049"",""0,0000"",""558,4049"",""28,5560"",""443,10200"",""772,3868"",Petrobras 66 (P-66),UEP,685.0,2022/02,Área de Sul de Tupi,""30,2"",< 270ºC,""71,809"",""2,00144"",""528,22646"",""38798,0539"",13/03/2023"
"Rio de Janeiro,Santos,7-LL-100-RJS,SUL DE TUPI,Petrobras,486100038862000,2023/01,""1.045,6631"",""0,0000"",""1.045,6631"",""45,3490"",""703,67800"",""0,7383"",Petrobras 66 (P-66),UEP,685.0,2022/02,Área de Sul de Tupi,""30,2"",< 270ºC,""71,809"",""2,00144"",""528,22646"",""38798,0539"",13/03/2023"
"Rio de Janeiro,Santos,7-LL-115-RJS,SUL DE TUPI,Petrobras,486100038862000,2023/01,""982,3675"",""0,0000"",""982,3675"",""36,2552"",""562,57000"",""1,0076"",Petrobras 67 (P-67),UEP,423.0,2022/02,Área de Sul de Tupi,""30,2"",< 270ºC,""71,809"",""2,00144"",""528,22646"",""38798,0539"",13/03/2023"
"Rio de Janeiro,Santos,7-LL-95D-RJS,SUL DE TUPI,Petrobras,486100038862000,2023/01,""1.284,4922"",""0,0000"",""1.284,4922"",""44,6277"",""692,48600"",""151,1951"",FPSO CIDADE DE ANGRA DOS REIS,UEP,677.0,2022/02,Área de Sul de Tupi,""30,2"",< 270ºC,""71,809"",""2,00144"",""528,22646"",""38798,0539"",13/03/2023"
"Rio de Janeiro,Santos,7-LL-102D-RJS,SUL DE TUPI,Petrobras,486100038862000,2023/01,""1.246,7925"",""0,0000"",""1.246,7925"",""112,9719"",""1.752,98000"",""22,8878"",Petrobras 66 (P-66),UEP,678.0,2022/02,Área de Sul de Tupi,""30,2"",< 270ºC,""71,809"",""2,00144"",""528,22646"",""38798,0539"",13/03/2023"
"Rio de Janeiro,Santos,7-LL-119D-RJS,SUL DE TUPI,Petrobras,486100038862000,2023/01,""1.702,2009"",""0,0000"",""1.702,2009"",""103,6002"",""1.607,56000"",""7,0109"",FPSO CIDADE DE PARATY,UEP,685.0,2022/02,Área de Sul de Tupi,""30,2"",< 270ºC,""71,809"",""2,00144"",""528,22646"",""38798,0539"",13/03/2023"
"Rio de Janeiro,Santos,9-LL-19-RJS,SUL DE TUPI,Petrobras,486100038862000,2023/01,""558,7875"",""0,0000"",""558,7875"",""20,5960"",""319,58600"",""28,1623"",Petrobras 67 (P-67),UEP,426.0,2022/02,Área de Sul de Tupi,""30,2"",< 270ºC,""71,809"",""2,00144"",""528,22646"",""38798,0539"",13/03/2023"
"Rio de Janeiro,Santos,7-SLL-3-RJS,SUL DE TUPI,Petrobras,48610012913201005,2023/01,""367,4349"",""0,0000"",""367,4349"",""40,5794"",""629,66800"",""0,0000"",Petrobras 69,UEP,652.0,2022/02,Área de Sul de Tupi,""30,2"",< 270ºC,""71,809"",""2,00144"",""528,22646"",""38798,0539"",13/03/2023"
"Rio de Janeiro,Santos,7-SLL-5-RJS,SUL DE TUPI,Petrobras,48610012913201005,2023/01,""1.224,5045"",""0,0000"",""1.224,5045"",""57,2486"",""888,32400"",""0,0000"",Petrobras 69,UEP,663.0,2022/02,Área de Sul de Tupi,""30,2"",< 270ºC,""71,809"",""2,00144"",""528,22646"",""38798,0539"",13/03/2023"
"Rio de Janeiro,Santos,7-SLL-8D-RJS,SUL DE TUPI,Petrobras,48610012913201005,2023/01,""1.034,4698"",""0,0000"",""1.034,4698"",""47,3457"",""734,66100"",""17,2006"",Petrobras 69,UEP,644.0,2022/02,Área de Sul de Tupi,""30,2"",< 270ºC,""71,809"",""2,00144"",""528,22646"",""38798,0539"",13/03/2023"
"Rio de Janeiro,Santos,8-LL-81D-RJS,SUL DE TUPI,Petrobras,486100038862000,2023/01,""789,5751"",""0,0000"",""789,5751"",""36,6035"",""567,97400"",""328,5324"",FPSO CIDADE DE SAQUAREMA,UEP,674.0,2022/02,Área de Sul de Tupi,""30,2"",< 270ºC,""71,809"",""2,00144"",""528,22646"",""38798,0539"",13/03/2023"
"Rio de Janeiro,Santos,8-LL-87D-RJS,SUL DE TUPI,Petrobras,486100038862000,2023/01,""1.348,3736"",""0,0000"",""1.348,3736"",""47,3688"",""735,01900"",""69,0741"",FPSO CIDADE DE MARICÁ,UEP,491.0,2022/02,Área de Sul de Tupi,""30,2"",< 270ºC,""71,809"",""2,00144"",""528,22646"",""38798,0539"",13/03/2023"
"Rio de Janeiro,Santos,9-LL-7-RJS,SUL DE TUPI,Petrobras,486100038862000,2023/01,""1.244,2413"",""0,0000"",""1.244,2413"",""55,3739"",""859,23500"",""34,4661"",FPSO CIDADE DE SAQUAREMA,UEP,645.0,2022/02,Área de Sul de Tupi,""30,2"",< 270ºC,""71,809"",""2,00144"",""528,22646"",""38798,0539"",13/03/2023"
"Rio de Janeiro,Santos,9-LL-12D-RJS,SUL DE TUPI,Petrobras,486100038862000,2023/01,""1.419,7619"",""0,0000"",""1.419,7619"",""62,9299"",""976,48000"",""18,6992"",FPSO CIDADE DE MARICÁ,UEP,511.0,2022/02,Área de Sul de Tupi,""30,2"",< 270ºC,""71,809"",""2,00144"",""528,22646"",""38798,0539"",13/03/2023"
"Rio de Janeiro,Santos,3-BRSA-854-RJS,SUL DE TUPI,Petrobras,486100038862000,2023/01,""1.415,9310"",""0,0000"",""1.415,9310"",""51,1128"",""793,11500"",""0,0000"",Petrobras 69,UEP,650.0,2022/02,Área de Sul de Tupi,""30,2"",< 270ºC,""71,809"",""2,00144"",""528,22646"",""38798,0539"",13/03/2023"
"Rio de Janeiro,Santos,7-LL-91-RJS,SUL DE TUPI,Petrobras,486100038862000,2023/01,""1.494,9470"",""0,0000"",""1.494,9470"",""55,1103"",""855,14400"",""1,4937"",FPSO CIDADE DE SAQUAREMA,UEP,639.0,2022/02,Área de Sul de Tupi,""30,2"",< 270ºC,""71,809"",""2,00144"",""528,22646"",""38798,0539"",13/03/2023"
"Rio de Janeiro,Santos,7-SLL-2-RJS,SUL DE TUPI,Petrobras,48610012913201005,2023/01,""1.783,1701"",""0,0000"",""1.783,1701"",""62,3352"",""967,25300"",""5,2173"",Petrobras 69,UEP,665.0,2022/02,Área de Sul de Tupi,""30,2"",< 270ºC,""71,809"",""2,00144"",""528,22646"",""38798,0539"",13/03/2023"
"Rio de Janeiro,Santos,9-ATP-1-RJS,OESTE DE ATAPU,Petrobras,48610012913201005,2023/01,""731,0875"",""0,0000"",""731,0875"",""24,6516"",""87,79000"",""0,1992"",Petrobras 70,UEP,45.0,2022/05,ATAPU,""27,7"",< 270ºC,""54,984"",""2,0092"",""529,15034"",""28503,4101"",13/03/2023"
"Rio de Janeiro,Santos,7-ATP-6-RJS,OESTE DE ATAPU,Petrobras,48610012913201005,2023/01,""7.504,4100"",""0,0000"",""7.504,4100"",""253,9994"",""904,55300"",""9,5106"",Petrobras 70,UEP,287.0,2022/05,ATAPU,""27,7"",< 270ºC,""54,984"",""2,0092"",""529,15034"",""28503,4101"",13/03/2023"
"Rio de Janeiro,Santos,7-LL-48D-RJS,SUL DE TUPI,Petrobras,486100038862000,2023/01,""1.310,2021"",""0,0000"",""1.310,2021"",""47,9950"",""744,73700"",""97,1003"",FPSO CIDADE DE MARICÁ,UEP,529.0,2022/02,Área de Sul de Tupi,""30,2"",< 270ºC,""71,809"",""2,00144"",""528,22646"",""38798,0539"",13/03/2023"
"Rio de Janeiro,Santos,3-BRSA-496-RJS,SUL DE TUPI,Petrobras,486100038862000,2023/01,""375,9931"",""0,0000"",""375,9931"",""20,2361"",""314,00200"",""369,8609"",FPSO CIDADE DE ANGRA DOS REIS,UEP,682.0,2022/02,Área de Sul de Tupi,""30,2"",< 270ºC,""71,809"",""2,00144"",""528,22646"",""38798,0539"",13/03/2023"
"Rio de Janeiro,Santos,7-LL-60D-RJS,SUL DE TUPI,Petrobras,486100038862000,2023/01,""920,0014"",""0,0000"",""920,0014"",""63,2724"",""981,79500"",""340,7038"",Petrobras 66 (P-66),UEP,680.0,2022/02,Área de Sul de Tupi,""30,2"",< 270ºC,""71,809"",""2,00144"",""528,22646"",""38798,0539"",13/03/2023"
"Rio de Janeiro,Santos,7-LL-61-RJS,SUL DE TUPI,Petrobras,486100038862000,2023/01,""1.419,6734"",""0,0000"",""1.419,6734"",""49,0454"",""761,03500"",""11,4485"",FPSO CIDADE DE MARICÁ,UEP,535.0,2022/02,Área de Sul de Tupi,""30,2"",< 270ºC,""71,809"",""2,00144"",""528,22646"",""38798,0539"",13/03/2023"
"Rio de Janeiro,Santos,7-LL-66-RJS,SUL DE TUPI,Petrobras,486100038862000,2023/01,""1.316,1890"",""0,0000"",""1.316,1890"",""44,4326"",""689,45900"",""19,9379"",FPSO CIDADE DE MARICÁ,UEP,548.0,2022/02,Área de Sul de Tupi,""30,2"",< 270ºC,""71,809"",""2,00144"",""528,22646"",""38798,0539"",13/03/2023"
"Rio de Janeiro,Santos,7-LL-67D-RJS,SUL DE TUPI,Petrobras,486100038862000,2023/01,""154,4796"",""0,0000"",""154,4796"",""16,7054"",""259,21600"",""0,1589"",Petrobras 67 (P-67),UEP,188.0,2022/02,Área de Sul de Tupi,""30,2"",< 270ºC,""71,809"",""2,00144"",""528,22646"",""38798,0539"",13/03/2023"
"São Paulo,Santos,7-LPA-5D-SPS,LAPA,TotalEnergies EP,486100038842000A,2023/01,""9.695,2978"",""0,0000"",""9.695,2978"",""263,5033"",""2.956,18900"",""492,5165"",FPSO CIDADE DE CARAGUATATUBA,UEP,542.0,2017/04,LAPA,23,< 290ºC,""47,358"",""2,02544"",""531,09003"",""23619,9281"",13/03/2023"
"São Paulo,Santos,7-LPA-6D-SPS,LAPA,TotalEnergies EP,486100038842000A,2023/01,""3.567,9191"",""0,0000"",""3.567,9191"",""134,7280"",""1.511,48600"",""121,8904"",FPSO CIDADE DE CARAGUATATUBA,UEP,231.0,2017/04,LAPA,23,< 290ºC,""47,358"",""2,02544"",""531,09003"",""23619,9281"",13/03/2023"
"São Paulo,Santos,3-BRSA-861-SPS,LAPA,TotalEnergies EP,486100038842000A,2023/01,""13.044,0941"",""0,0000"",""13.044,0941"",""466,7175"",""5.236,00900"",""278,0624"",FPSO CIDADE DE CARAGUATATUBA,UEP,728.0,2017/04,LAPA,23,< 290ºC,""47,358"",""2,02544"",""531,09003"",""23619,9281"",13/03/2023"
"São Paulo,Santos,8-LPA-2D-SPS,LAPA,TotalEnergies EP,486100038842000A,2023/01,""6.613,2625"",""0,0000"",""6.613,2625"",""281,3861"",""3.156,81400"",""286,8803"",FPSO CIDADE DE CARAGUATATUBA,UEP,323.0,2017/04,LAPA,23,< 290ºC,""47,358"",""2,02544"",""531,09003"",""23619,9281"",13/03/2023"
"Rio de Janeiro,Santos,1-BRSA-1146-RJS,AnC_NORTE_ATAPU,Petrobras,48610012913201005,2023/01,""142,6665"",""0,0000"",""142,6665"",""7,9471"",""28,30100"",""0,1205"",Petrobras 70,UEP,287.0,2022/05,ATAPU,""27,7"",< 270ºC,""54,984"",""2,0092"",""529,15034"",""28503,4101"",13/03/2023"
"Rio de Janeiro,Santos,3-BRSA-1172-RJS,AnC_NORTE_ATAPU,Petrobras,48610012913201005,2023/01,""245,4686"",""0,0000"",""245,4686"",""8,8768"",""31,61200"",""0,1970"",Petrobras 70,UEP,356.0,2022/05,ATAPU,""27,7"",< 270ºC,""54,984"",""2,0092"",""529,15034"",""28503,4101"",13/03/2023"
"Rio de Janeiro,Santos,9-BRSA-1284-RJS,AnC_NORTE_ATAPU,Petrobras,48610012913201005,2023/01,""198,2294"",""0,0000"",""198,2294"",""6,6536"",""23,69500"",""0,1532"",Petrobras 70,UEP,317.0,2022/05,ATAPU,""27,7"",< 270ºC,""54,984"",""2,0092"",""529,15034"",""28503,4101"",13/03/2023"
"Rio de Janeiro,Santos,7-OATP-1-RJS,AnC_NORTE_ATAPU,Petrobras,486100038862000,2023/01,""275,1749"",""0,0000"",""275,1749"",""9,4356"",""33,60200"",""0,8583"",Petrobras 70,UEP,348.0,2022/05,ATAPU,""27,7"",< 270ºC,""54,984"",""2,0092"",""529,15034"",""28503,4101"",13/03/2023"
"Rio de Janeiro,Santos,9-ATP-1-RJS,AnC_NORTE_ATAPU,Petrobras,48610012913201005,2023/01,""40,7783"",""0,0000"",""40,7783"",""1,3750"",""4,89600"",""0,0110"",Petrobras 70,UEP,45.0,2022/05,ATAPU,""27,7"",< 270ºC,""54,984"",""2,0092"",""529,15034"",""28503,4101"",13/03/2023"
"Rio de Janeiro,Santos,7-ATP-6-RJS,AnC_NORTE_ATAPU,Petrobras,48610012913201005,2023/01,""418,5761"",""0,0000"",""418,5761"",""14,1674"",""50,45400"",""0,5306"",Petrobras 70,UEP,287.0,2022/05,ATAPU,""27,7"",< 270ºC,""54,984"",""2,0092"",""529,15034"",""28503,4101"",13/03/2023"
"Rio de Janeiro,Santos,7-LL-68-RJS,SUL DE TUPI,Petrobras,486100038862000,2023/01,""971,8337"",""0,0000"",""971,8337"",""31,3930"",""487,12300"",""0,9968"",Petrobras 67 (P-67),UEP,444.0,2022/02,Área de Sul de Tupi,""30,2"",< 270ºC,""71,809"",""2,00144"",""528,22646"",""38798,0539"",13/03/2023"
"Rio de Janeiro,Santos,7-LL-69-RJS,SUL DE TUPI,Petrobras,486100038862000,2023/01,""1.361,4783"",""0,0000"",""1.361,4783"",""45,7375"",""709,70700"",""146,8709"",Petrobras 66 (P-66),UEP,677.0,2022/02,Área de Sul de Tupi,""30,2"",< 270ºC,""71,809"",""2,00144"",""528,22646"",""38798,0539"",13/03/2023"
"Rio de Janeiro,Santos,7-LL-70-RJS,SUL DE TUPI,Petrobras,486100038862000,2023/01,""637,3438"",""0,0000"",""637,3438"",""96,3247"",""1.494,66700"",""3,7002"",Petrobras 69,UEP,657.0,2022/02,Área de Sul de Tupi,""30,2"",< 270ºC,""71,809"",""2,00144"",""528,22646"",""38798,0539"",13/03/2023"
"Rio de Janeiro,Santos,7-LL-79D-RJS,SUL DE TUPI,Petrobras,486100038862000,2023/01,""604,3170"",""0,0000"",""604,3170"",""21,1945"",""328,87400"",""606,3160"",FPSO CIDADE DE ANGRA DOS REIS,UEP,678.0,2022/02,Área de Sul de Tupi,""30,2"",< 270ºC,""71,809"",""2,00144"",""528,22646"",""38798,0539"",13/03/2023"
"Rio de Janeiro,Santos,7-LL-80DB-RJS,SUL DE TUPI,Petrobras,486100038862000,2023/01,""1.706,3579"",""0,0000"",""1.706,3579"",""69,3569"",""1.076,20700"",""41,8810"",FPSO CIDADE DE SAQUAREMA,UEP,646.0,2022/02,Área de Sul de Tupi,""30,2"",< 270ºC,""71,809"",""2,00144"",""528,22646"",""38798,0539"",13/03/2023"
"Rio de Janeiro,Santos,7-LL-59-RJS,SUL DE TUPI,Petrobras,486100038862000,2023/01,""1.415,6274"",""0,0000"",""1.415,6274"",""60,0757"",""932,19200"",""122,8737"",FPSO CIDADE DE SAQUAREMA,UEP,674.0,2022/02,Área de Sul de Tupi,""30,2"",< 270ºC,""71,809"",""2,00144"",""528,22646"",""38798,0539"",13/03/2023"
"Rio de Janeiro,Campos,3-BRSA-1123-RJS,ALBACORA,Petrobras,480000037039702,2023/01,""6.578,6494"",""0,0000"",""6.578,6494"",""218,3833"",""6.750,02000"",""96,7884"",PETROBRAS 31,UEP,524.0,2021/02,Albacora,""27,1"",< 270ºC,""76,15"",""2,00022"",""528,07049"",""39829,551"",13/03/2023"
"Rio de Janeiro,Santos,1-BRSA-1146-RJS,OESTE DE ATAPU,Petrobras,48610012913201005,2023/01,""2.557,7863"",""0,0000"",""2.557,7863"",""142,4783"",""507,40000"",""2,1641"",Petrobras 70,UEP,287.0,2022/05,ATAPU,""27,7"",< 270ºC,""54,984"",""2,0092"",""529,15034"",""28503,4101"",13/03/2023"
"Rio de Janeiro,Santos,3-BRSA-1172-RJS,OESTE DE ATAPU,Petrobras,48610012913201005,2023/01,""4.400,8638"",""0,0000"",""4.400,8638"",""159,1472"",""566,76200"",""3,5320"",Petrobras 70,UEP,356.0,2022/05,ATAPU,""27,7"",< 270ºC,""54,984"",""2,0092"",""529,15034"",""28503,4101"",13/03/2023"
"Rio de Janeiro,Santos,9-BRSA-1284-RJS,OESTE DE ATAPU,Petrobras,48610012913201005,2023/01,""3.553,9431"",""0,0000"",""3.553,9431"",""119,2885"",""424,81500"",""2,7474"",Petrobras 70,UEP,317.0,2022/05,ATAPU,""27,7"",< 270ºC,""54,984"",""2,0092"",""529,15034"",""28503,4101"",13/03/2023"
"Rio de Janeiro,Santos,7-OATP-1-RJS,OESTE DE ATAPU,Petrobras,486100038862000,2023/01,""4.933,4508"",""0,0000"",""4.933,4508"",""169,1654"",""602,43900"",""15,3871"",Petrobras 70,UEP,348.0,2022/05,ATAPU,""27,7"",< 270ºC,""54,984"",""2,0092"",""529,15034"",""28503,4101"",13/03/2023"
"Espírito Santo,Campos,7-JUB-34H-ESS,JUBARTE,Petrobras,480000035609749,2023/01,""14.373,8427"",""0,0000"",""14.373,8427"",""496,7554"",""15.385,42900"",""1.759,1550"",FPSO CIDADE DE ANCHIETA,UEP,744.0,2022/12,Parque das Baleias,24,< 290ºC,""81,017"",""2,04402"",""533,31601"",""40091,4179"",13/03/2023"
"Espírito Santo,Campos,7-JUB-58DPA-ESS,JUBARTE,Petrobras,480000035609749,2023/01,""4.740,5346"",""0,0000"",""4.740,5346"",""189,5613"",""5.871,06200"",""4.570,6467"",PETROBRAS 58,UEP,744.0,2022/12,Parque das Baleias,24,< 290ºC,""81,017"",""2,04402"",""533,31601"",""40091,4179"",13/03/2023"
"Espírito Santo,Campos,7-JUB-57DPA-ESS,JUBARTE,Petrobras,480000035609749,2023/01,""7.667,9806"",""0,0000"",""7.667,9806"",""264,3428"",""8.187,18500"",""13.260,4751"",PETROBRAS 58,UEP,744.0,2022/12,Parque das Baleias,24,< 290ºC,""81,017"",""2,04402"",""533,31601"",""40091,4179"",13/03/2023"
"Espírito Santo,Campos,8-JUB-39-ESS,JUBARTE,Petrobras,480000035609749,2023/01,""2.862,6993"",""0,0000"",""2.862,6993"",""125,1240"",""3.875,32100"",""1.857,9794"",PETROBRAS 58,UEP,731.0,2022/12,Parque das Baleias,24,< 290ºC,""81,017"",""2,04402"",""533,31601"",""40091,4179"",13/03/2023"
"Espírito Santo,Campos,6-BRSA-631DB-ESS,JUBARTE,Petrobras,480000035609749,2023/01,""2.895,2614"",""0,0000"",""2.895,2614"",""110,8257"",""3.432,47700"",""3.378,0303"",FPSO CIDADE DE ANCHIETA,UEP,742.0,2022/12,Parque das Baleias,24,< 290ºC,""81,017"",""2,04402"",""533,31601"",""40091,4179"",13/03/2023"
"Rio de Janeiro,Santos,7-LL-90D-RJS,SUL DE TUPI,Petrobras,486100038862000,2023/01,""1.201,4383"",""0,0000"",""1.201,4383"",""43,9717"",""682,30700"",""90,5852"",Petrobras 66 (P-66),UEP,653.0,2022/02,Área de Sul de Tupi,""30,2"",< 270ºC,""71,809"",""2,00144"",""528,22646"",""38798,0539"",13/03/2023"
"Rio de Janeiro,Santos,7-LL-46-RJS,SUL DE TUPI,Petrobras,486100038862000,2023/01,""740,2256"",""0,0000"",""740,2256"",""88,8247"",""1.378,28900"",""19,7236"",FPSO CIDADE DE SAQUAREMA,UEP,672.0,2022/02,Área de Sul de Tupi,""30,2"",< 270ºC,""71,809"",""2,00144"",""528,22646"",""38798,0539"",13/03/2023"
"Rio de Janeiro,Santos,7-LL-84D-RJS,SUL DE TUPI,Petrobras,486100038862000,2023/01,""1.297,9108"",""0,0000"",""1.297,9108"",""44,7262"",""694,01400"",""44,2910"",FPSO CIDADE DE MARICÁ,UEP,500.0,2022/02,Área de Sul de Tupi,""30,2"",< 270ºC,""71,809"",""2,00144"",""528,22646"",""38798,0539"",13/03/2023"
"Rio de Janeiro,Santos,7-LL-85-RJS,SUL DE TUPI,Petrobras,486100038862000,2023/01,""183,8686"",""0,0000"",""183,8686"",""14,6261"",""226,95300"",""186,0958"",FPSO CIDADE DE SAQUAREMA,UEP,477.0,2022/02,Área de Sul de Tupi,""30,2"",< 270ºC,""71,809"",""2,00144"",""528,22646"",""38798,0539"",13/03/2023"
"Rio de Janeiro,Santos,9-BRSA-908D-RJS,SUL DE TUPI,Petrobras,486100038862000,2023/01,""284,7977"",""0,0000"",""284,7977"",""14,0649"",""218,24400"",""161,7611"",FPSO CIDADE DE ANGRA DOS REIS,UEP,676.0,2022/02,Área de Sul de Tupi,""30,2"",< 270ºC,""71,809"",""2,00144"",""528,22646"",""38798,0539"",13/03/2023"
"Rio de Janeiro,Santos,4-BRSA-1047-RJS,SUL DE TUPI,Petrobras,48610012913201005,2023/01,""1.298,2894"",""0,0000"",""1.298,2894"",""44,5308"",""690,98200"",""47,2908"",Petrobras 69,UEP,661.0,2022/02,Área de Sul de Tupi,""30,2"",< 270ºC,""71,809"",""2,00144"",""528,22646"",""38798,0539"",13/03/2023"
"Rio de Janeiro,Santos,7-LL-3D-RJS,SUL DE TUPI,Petrobras,486100038862000,2023/01,""12,0608"",""0,0000"",""12,0608"",""0,5663"",""8,78700"",""40,1130"",FPSO CIDADE DE ANGRA DOS REIS,UEP,75.0,2022/02,Área de Sul de Tupi,""30,2"",< 270ºC,""71,809"",""2,00144"",""528,22646"",""38798,0539"",13/03/2023"
"Rio de Janeiro,Santos,7-LL-11-RJS,SUL DE TUPI,Petrobras,486100038862000,2023/01,""440,4172"",""0,0000"",""440,4172"",""25,1457"",""390,18400"",""842,5217"",FPSO CIDADE DE PARATY,UEP,685.0,2022/02,Área de Sul de Tupi,""30,2"",< 270ºC,""71,809"",""2,00144"",""528,22646"",""38798,0539"",13/03/2023"
"Rio de Janeiro,Santos,7-LL-15D-RJS,SUL DE TUPI,Petrobras,486100038862000,2023/01,""2.037,4206"",""0,0000"",""2.037,4206"",""73,0561"",""1.133,60800"",""83,6251"",FPSO CIDADE DE PARATY,UEP,685.0,2022/02,Área de Sul de Tupi,""30,2"",< 270ºC,""71,809"",""2,00144"",""528,22646"",""38798,0539"",13/03/2023"
"Rio de Janeiro,Santos,7-LL-22D-RJS,SUL DE TUPI,Petrobras,486100038862000,2023/01,""1.534,3344"",""0,0000"",""1.534,3344"",""59,0902"",""916,90000"",""6,3194"",FPSO CIDADE DE PARATY,UEP,685.0,2022/02,Área de Sul de Tupi,""30,2"",< 270ºC,""71,809"",""2,00144"",""528,22646"",""38798,0539"",13/03/2023"
"Rio de Janeiro,Santos,7-LL-28D-RJS,SUL DE TUPI,Petrobras,486100038862000,2023/01,""1.543,7584"",""0,0000"",""1.543,7584"",""54,1750"",""840,63000"",""150,8652"",FPSO CIDADE DE PARATY,UEP,685.0,2022/02,Área de Sul de Tupi,""30,2"",< 270ºC,""71,809"",""2,00144"",""528,22646"",""38798,0539"",13/03/2023"
"Rio de Janeiro,Santos,7-LL-34D-RJS,SUL DE TUPI,Petrobras,486100038862000,2023/01,""696,7866"",""0,0000"",""696,7866"",""25,1203"",""389,79100"",""0,0000"",Petrobras 67 (P-67),UEP,438.0,2022/02,Área de Sul de Tupi,""30,2"",< 270ºC,""71,809"",""2,00144"",""528,22646"",""38798,0539"",13/03/2023"
"Rio de Janeiro,Santos,4-BRSA-1226-RJS,SUL DE BERBIGÃO,Petrobras,48610012913201005,2023/01,""19.812,3070"",""0,0000"",""19.812,3070"",""362,5894"",""0,00000"",""5,8156"",Petrobras 68,UEP,708.0,2022/03,BERBIGAO-SURURU,""28,4"",< 270ºC,""64,624"",""1,99875"",""527,89964"",""40310,4373"",13/03/2023"
"Espírito Santo,Campos,8-JUB-59D-ESS,JUBARTE,Petrobras,480000035609749,2023/01,""2.533,1297"",""0,0000"",""2.533,1297"",""65,2437"",""2.020,71800"",""229,6811"",PETROBRAS 58,UEP,158.0,2022/12,Parque das Baleias,24,< 290ºC,""81,017"",""2,04402"",""533,31601"",""40091,4179"",13/03/2023"
"Espírito Santo,Campos,6-BRSA-1222A-ESS,JUBARTE,Petrobras,480000035609749,2023/01,""8.849,3037"",""0,0000"",""8.849,3037"",""316,8886"",""9.814,62300"",""8.756,5566"",PETROBRAS 58,UEP,744.0,2022/12,Parque das Baleias,24,< 290ºC,""81,017"",""2,04402"",""533,31601"",""40091,4179"",13/03/2023"
"Espírito Santo,Campos,7-BAZ-3-ESS,JUBARTE,Petrobras,480000035609749,2023/01,""2.630,3005"",""0,0000"",""2.630,3005"",""71,4171"",""2.211,91800"",""1.408,3863"",FPSO CIDADE DE ANCHIETA,UEP,744.0,2022/12,Parque das Baleias,24,< 290ºC,""81,017"",""2,04402"",""533,31601"",""40091,4179"",13/03/2023"
"Espírito Santo,Campos,7-BAZ-4-ESS,JUBARTE,Petrobras,480000035609749,2023/01,""3.997,9371"",""0,0000"",""3.997,9371"",""138,8844"",""4.301,50400"",""9.952,2811"",FPSO CIDADE DE ANCHIETA,UEP,715.0,2022/12,Parque das Baleias,24,< 290ºC,""81,017"",""2,04402"",""533,31601"",""40091,4179"",13/03/2023"
"Espírito Santo,Campos,7-BAZ-8-ESS,JUBARTE,Petrobras,480000035609749,2023/01,""3.292,7969"",""0,0000"",""3.292,7969"",""114,6289"",""3.550,26900"",""3.039,1954"",PETROBRAS 58,UEP,744.0,2022/12,Parque das Baleias,24,< 290ºC,""81,017"",""2,04402"",""533,31601"",""40091,4179"",13/03/2023"
"Espírito Santo,Campos,7-BAZ-9HA-ESS,JUBARTE,Petrobras,480000035609749,2023/01,""2.567,4728"",""0,0000"",""2.567,4728"",""83,3067"",""2.580,16300"",""22,4867"",FPSO CIDADE DE ANCHIETA,UEP,709.0,2022/12,Parque das Baleias,24,< 290ºC,""81,017"",""2,04402"",""533,31601"",""40091,4179"",13/03/2023"
"Rio de Janeiro,Santos,3-BRSA-1322-RJS,AnC_MERO,Petrobras,48610011150201310,2023/01,""1.730,7096"",""0,0000"",""1.730,7096"",""117,2804"",""313,51600"",""4,4223"",FPSO PIONEIRO DE LIBRA,UEP,718.0,2022/10,MERO,""29,6"",< 270ºC,""44,404"",""2,01679"",""530,063"",""22599,2805"",13/03/2023"
"Rio de Janeiro,Santos,7-MRO-3-RJS,AnC_MERO,Petrobras,48610011150201310,2023/01,""956,6693"",""0,0000"",""956,6693"",""62,0610"",""165,90200"",""2,3899"",FPSO GUANABARA,UEP,592.0,2022/10,MERO,""29,6"",< 270ºC,""44,404"",""2,01679"",""530,063"",""22599,2805"",13/03/2023"
"Rio de Janeiro,Santos,7-MRO-10B-RJS,AnC_MERO,Petrobras,48610011150201310,2023/01,""1.691,8404"",""0,0000"",""1.691,8404"",""109,5318"",""292,80300"",""2,3719"",FPSO GUANABARA,UEP,718.0,2022/10,MERO,""29,6"",< 270ºC,""44,404"",""2,01679"",""530,063"",""22599,2805"",13/03/2023"
"Rio de Janeiro,Santos,7-MRO-7A-RJS,AnC_MERO,Petrobras,48610011150201310,2023/01,""1.593,7776"",""0,0000"",""1.593,7776"",""103,8042"",""277,49100"",""2,2615"",FPSO GUANABARA,UEP,718.0,2022/10,MERO,""29,6"",< 270ºC,""44,404"",""2,01679"",""530,063"",""22599,2805"",13/03/2023"
"Rio de Janeiro,Santos,7-MRO-6DB-RJS,AnC_MERO,Petrobras,48610011150201310,2023/01,""1.720,7358"",""0,0000"",""1.720,7358"",""108,4028"",""289,78500"",""2,6933"",FPSO GUANABARA,UEP,718.0,2022/10,MERO,""29,6"",< 270ºC,""44,404"",""2,01679"",""530,063"",""22599,2805"",13/03/2023"
"Espírito Santo,Campos,7-BFR-7-ESS,JUBARTE,Petrobras,480000035609749,2023/01,""5.113,1061"",""0,0000"",""5.113,1061"",""200,6643"",""6.214,94200"",""1.952,3106"",PETROBRAS 58,UEP,744.0,2022/12,Parque das Baleias,24,< 290ºC,""81,017"",""2,04402"",""533,31601"",""40091,4179"",13/03/2023"
"Rio de Janeiro,Santos,7-LL-113D-RJS,SUL DE TUPI,Petrobras,486100038862000,2023/01,""1.050,7513"",""0,0000"",""1.050,7513"",""31,0911"",""482,43900"",""0,0000"",Petrobras 67 (P-67),UEP,447.0,2022/02,Área de Sul de Tupi,""30,2"",< 270ºC,""71,809"",""2,00144"",""528,22646"",""38798,0539"",13/03/2023"
"Rio de Janeiro,Santos,7-LL-110D-RJS,SUL DE TUPI,Petrobras,486100038862000,2023/01,""571,8007"",""0,0000"",""571,8007"",""34,1795"",""530,36100"",""0,0000"",Petrobras 67 (P-67),UEP,429.0,2022/02,Área de Sul de Tupi,""30,2"",< 270ºC,""71,809"",""2,00144"",""528,22646"",""38798,0539"",13/03/2023"
"Rio de Janeiro,Santos,7-LL-106DA-RJS,SUL DE TUPI,Petrobras,486100038862000,2023/01,""140,2810"",""0,0000"",""140,2810"",""7,9883"",""123,95300"",""170,9747"",FPSO CIDADE DE SAQUAREMA,UEP,136.0,2022/02,Área de Sul de Tupi,""30,2"",< 270ºC,""71,809"",""2,00144"",""528,22646"",""38798,0539"",13/03/2023"
"Rio de Janeiro,Santos,7-MRO-10B-RJS,MERO,Petrobras,48610011150201310,2023/01,""46.646,4524"",""0,0000"",""46.646,4524"",""3.019,9491"",""8.072,99400"",""65,3968"",FPSO GUANABARA,UEP,718.0,2022/10,MERO,""29,6"",< 270ºC,""44,404"",""2,01679"",""530,063"",""22599,2805"",13/03/2023"
"Rio de Janeiro,Santos,3-BRSA-1322-RJS,MERO,Petrobras,48610011150201310,2023/01,""47.718,1346"",""0,0000"",""47.718,1346"",""3.233,5897"",""8.644,10300"",""121,9257"",FPSO PIONEIRO DE LIBRA,UEP,718.0,2022/10,MERO,""29,6"",< 270ºC,""44,404"",""2,01679"",""530,063"",""22599,2805"",13/03/2023"
"Rio de Janeiro,Santos,7-MRO-7A-RJS,MERO,Petrobras,48610011150201310,2023/01,""43.942,7246"",""0,0000"",""43.942,7246"",""2.862,0286"",""7.650,83800"",""62,3535"",FPSO GUANABARA,UEP,718.0,2022/10,MERO,""29,6"",< 270ºC,""44,404"",""2,01679"",""530,063"",""22599,2805"",13/03/2023"
"Rio de Janeiro,Santos,7-MRO-6DB-RJS,MERO,Petrobras,48610011150201310,2023/01,""47.443,1406"",""0,0000"",""47.443,1406"",""2.988,8190"",""7.989,77700"",""74,2569"",FPSO GUANABARA,UEP,718.0,2022/10,MERO,""29,6"",< 270ºC,""44,404"",""2,01679"",""530,063"",""22599,2805"",13/03/2023"
"Rio de Janeiro,Santos,7-MRO-3-RJS,MERO,Petrobras,48610011150201310,2023/01,""26.376,7399"",""0,0000"",""26.376,7399"",""1.711,1106"",""4.574,17800"",""65,8910"",FPSO GUANABARA,UEP,592.0,2022/10,MERO,""29,6"",< 270ºC,""44,404"",""2,01679"",""530,063"",""22599,2805"",13/03/2023"
"Rio de Janeiro,Campos,7-CRT-51D-RJS,BARRACUDA,Petrobras,480000038989755,2023/01,""7.594,1906"",""0,0000"",""7.594,1906"",""119,1759"",""3.670,95700"",""19,2675"",PETROBRAS 48,UEP,364.0,2022/02,BARRACUDA-CARATINGA,""25,1"",< 290ºC,""75,66"",""2,01698"",""530,07735"",""40328,1572"",13/03/2023"
"Rio de Janeiro,Campos,7-BR-69DA-RJS,BARRACUDA,Petrobras,480000038979792,2023/01,""2.519,2193"",""0,0000"",""2.519,2193"",""35,5973"",""1.096,49600"",""2.069,5226"",PETROBRAS 43,UEP,385.0,2022/02,BARRACUDA-CARATINGA,""25,1"",< 290ºC,""75,66"",""2,01698"",""530,07735"",""40328,1572"",13/03/2023"
"Rio de Janeiro,Campos,9-BR-82DB-RJS,BARRACUDA,Petrobras,480000038979792,2023/01,""7.857,1657"",""0,0000"",""7.857,1657"",""134,7617"",""4.151,04200"",""7,8651"",PETROBRAS 48,UEP,371.0,2022/02,BARRACUDA-CARATINGA,""25,1"",< 290ºC,""75,66"",""2,01698"",""530,07735"",""40328,1572"",13/03/2023"
"Rio de Janeiro,Santos,7-SEP-6-RJS,SÉPIA_ECO,Petrobras,48610012913201005,2023/01,""20.686,4125"",""0,0000"",""20.686,4125"",""630,4427"",""2.183,89200"",""4,8707"",FPSO Carioca (MV-30),UEP,447.0,2022/05,SEPIA,""27,4"",< 270ºC,""56,4"",""2,00036"",""528,0935"",""30198,2427"",13/03/2023"
"Rio de Janeiro,Santos,3-BRSA-1201-RJS,SÉPIA_ECO,Petrobras,48610012913201005,2023/01,""28.494,1829"",""0,0000"",""28.494,1829"",""871,4620"",""3.018,79700"",""12,9290"",FPSO Carioca (MV-30),UEP,449.0,2022/05,SEPIA,""27,4"",< 270ºC,""56,4"",""2,00036"",""528,0935"",""30198,2427"",13/03/2023"
"Rio de Janeiro,Santos,1-BRSA-976-RJS,SÉPIA_ECO,Petrobras,48610012913201005,2023/01,""22.343,3440"",""0,0000"",""22.343,3440"",""975,7318"",""3.379,99400"",""12,2704"",FPSO Carioca (MV-30),UEP,442.0,2022/05,SEPIA,""27,4"",< 270ºC,""56,4"",""2,00036"",""528,0935"",""30198,2427"",13/03/2023"
"Rio de Janeiro,Santos,9-BRSA-1254-RJS,SÉPIA_ECO,Petrobras,48610012913201005,2023/01,""29.747,4555"",""0,0000"",""29.747,4555"",""908,1126"",""3.145,75700"",""7,0026"",FPSO Carioca (MV-30),UEP,447.0,2022/05,SEPIA,""27,4"",< 270ºC,""56,4"",""2,00036"",""528,0935"",""30198,2427"",13/03/2023"
"Rio de Janeiro,Campos,7-MLL-78D-RJS,MARLIM LESTE,Petrobras,480000039009703,2023/01,""985,4505"",""0,0000"",""985,4505"",""16,2568"",""457,65900"",""2.288,4713"",FPSO CIDADE DE NITEROI,UEP,360.0,2015/07,Marlim Leste,""24,7"",< 290ºC,""73,61"",""2,03063"",""531,7132"",""40252,8456"",13/03/2023"
"Rio de Janeiro,Santos,1-BRSA-1146-RJS,ATAPU_ECO,Petrobras,48610012913201005,2023/01,""7.451,8500"",""0,0000"",""7.451,8500"",""415,0962"",""1.478,25900"",""6,3042"",Petrobras 70,UEP,287.0,2022/05,ATAPU,""27,7"",< 270ºC,""54,984"",""2,0092"",""529,15034"",""28503,4101"",13/03/2023"
"Rio de Janeiro,Santos,3-BRSA-1172-RJS,ATAPU_ECO,Petrobras,48610012913201005,2023/01,""12.821,4689"",""0,0000"",""12.821,4689"",""463,6594"",""1.651,20500"",""10,2895"",Petrobras 70,UEP,356.0,2022/05,ATAPU,""27,7"",< 270ºC,""54,984"",""2,0092"",""529,15034"",""28503,4101"",13/03/2023"
"Rio de Janeiro,Santos,9-BRSA-1284-RJS,ATAPU_ECO,Petrobras,48610012913201005,2023/01,""10.354,0517"",""0,0000"",""10.354,0517"",""347,5348"",""1.237,65700"",""8,0049"",Petrobras 70,UEP,317.0,2022/05,ATAPU,""27,7"",< 270ºC,""54,984"",""2,0092"",""529,15034"",""28503,4101"",13/03/2023"
"Rio de Janeiro,Santos,7-OATP-1-RJS,ATAPU_ECO,Petrobras,486100038862000,2023/01,""14.373,1068"",""0,0000"",""14.373,1068"",""492,8461"",""1.755,14600"",""44,8285"",Petrobras 70,UEP,348.0,2022/05,ATAPU,""27,7"",< 270ºC,""54,984"",""2,0092"",""529,15034"",""28503,4101"",13/03/2023"
"Rio de Janeiro,Santos,9-ATP-1-RJS,ATAPU_ECO,Petrobras,48610012913201005,2023/01,""2.129,9494"",""0,0000"",""2.129,9494"",""71,8200"",""255,76800"",""0,5805"",Petrobras 70,UEP,45.0,2022/05,ATAPU,""27,7"",< 270ºC,""54,984"",""2,0092"",""529,15034"",""28503,4101"",13/03/2023"
"Rio de Janeiro,Santos,7-ATP-6-RJS,ATAPU_ECO,Petrobras,48610012913201005,2023/01,""21.863,3355"",""0,0000"",""21.863,3355"",""740,0013"",""2.635,32600"",""27,7082"",Petrobras 70,UEP,287.0,2022/05,ATAPU,""27,7"",< 270ºC,""54,984"",""2,0092"",""529,15034"",""28503,4101"",13/03/2023"
"Rio de Janeiro,Santos,7-BBG-2D-RJS,BERBIGÃO,Petrobras,486100038862000,2023/01,""19.737,2460"",""0,0000"",""19.737,2460"",""252,0183"",""7.807,12000"",""91,3313"",Petrobras 68,UEP,730.0,2022/03,BERBIGAO-SURURU,""28,4"",< 270ºC,""64,624"",""1,99875"",""527,89964"",""40310,4373"",13/03/2023"
"Rio de Janeiro,Santos,9-BBG-1D-RJS,BERBIGÃO,Petrobras,486100038862000,2023/01,""18.057,0316"",""0,0000"",""18.057,0316"",""245,9606"",""7.619,46300"",""2,6168"",Petrobras 68,UEP,738.0,2022/03,BERBIGAO-SURURU,""28,4"",< 270ºC,""64,624"",""1,99875"",""527,89964"",""40310,4373"",13/03/2023"
"Rio de Janeiro,Santos,7-BBG-5D-RJS,BERBIGÃO,Petrobras,486100038862000A,2023/01,""18.448,3895"",""0,0000"",""18.448,3895"",""265,4556"",""8.223,38800"",""2,7267"",Petrobras 68,UEP,698.0,2022/03,BERBIGAO-SURURU,""28,4"",< 270ºC,""64,624"",""1,99875"",""527,89964"",""40310,4373"",13/03/2023"
"Rio de Janeiro,Campos,7-BR-69DA-RJS,CARATINGA,Petrobras,480000038979792,2023/01,""2.325,4330"",""0,0000"",""2.325,4330"",""32,8590"",""1.014,92200"",""1.910,3285"",PETROBRAS 43,UEP,385.0,2022/02,BARRACUDA-CARATINGA,""25,1"",< 290ºC,""78,04"",""2,03361"",""532,06951"",""39855,3923"",13/03/2023"
"Rio de Janeiro,Campos,7-CRT-51D-RJS,CARATINGA,Petrobras,480000038989755,2023/01,""7.010,0221"",""0,0000"",""7.010,0221"",""110,0086"",""3.397,85400"",""17,7854"",PETROBRAS 48,UEP,364.0,2022/02,BARRACUDA-CARATINGA,""25,1"",< 290ºC,""78,04"",""2,03361"",""532,06951"",""39855,3923"",13/03/2023"
"Rio de Janeiro,Campos,6-BRSA-1349-RJS,MARLIM SUL,Petrobras,480000037249774,2023/01,""12.583,3878"",""0,0000"",""12.583,3878"",""205,4960"",""6.347,12600"",""1.211,8940"",PETROBRAS 40,UEP,743.0,2022/02,Marlim Sul,""22,2"",< 290ºC,""77,22"",""2,04569"",""533,49686"",""39717,3134"",13/03/2023"
"Rio de Janeiro,Campos,7-MLL-73D-RJS,MARLIM LESTE,Petrobras,480000039009703,2023/01,""11.514,0572"",""0,0000"",""11.514,0572"",""211,5965"",""5.956,83700"",""1.843,3177"",PETROBRAS 53,UEP,716.0,2015/07,Marlim Leste,""24,7"",< 290ºC,""73,61"",""2,03063"",""531,7132"",""40252,8456"",13/03/2023"
"Rio de Janeiro,Campos,9-BR-82DB-RJS,CARATINGA,Petrobras,480000038979792,2023/01,""7.252,7683"",""0,0000"",""7.252,7683"",""124,3953"",""3.842,21900"",""7,2601"",PETROBRAS 48,UEP,371.0,2022/02,BARRACUDA-CARATINGA,""25,1"",< 290ºC,""78,04"",""2,03361"",""532,06951"",""39855,3923"",13/03/2023"
"Rio de Janeiro,Santos,7-BUZ-17-RJS,BÚZIOS,Petrobras,48610012913201005,2023/01,""7.126,8307"",""0,0000"",""7.126,8307"",""279,7368"",""1.843,94500"",""0,0000"",Petrobras 74 (P-74),UEP,529.0,2022/02,Búzios,""28,7"",< 270ºC,""60,15"",""2,04893"",""533,88699"",""35593,3546"",13/03/2023"
"Rio de Janeiro,Santos,7-BUZ-14DA-RJS,BÚZIOS,Petrobras,48610012913201005,2023/01,""11.553,4878"",""0,0000"",""11.553,4878"",""472,0900"",""3.111,88300"",""49,5773"",Petrobras 74 (P-74),UEP,540.0,2022/02,Búzios,""28,7"",< 270ºC,""60,15"",""2,04893"",""533,88699"",""35593,3546"",13/03/2023"
"Rio de Janeiro,Santos,7-BUZ-12-RJS,BÚZIOS,Petrobras,48610012913201005,2023/01,""7.993,0374"",""0,0000"",""7.993,0374"",""326,6594"",""2.153,24500"",""0,0000"",Petrobras 77,UEP,428.0,2022/02,Búzios,""28,7"",< 270ºC,""60,15"",""2,04893"",""533,88699"",""35593,3546"",13/03/2023"
"Rio de Janeiro,Santos,7-BUZ-10-RJS,BÚZIOS,Petrobras,48610012913201005,2023/01,""11.488,5758"",""0,0000"",""11.488,5758"",""500,1191"",""3.296,64300"",""0,0000"",Petrobras 75 (P-75),UEP,512.0,2022/02,Búzios,""28,7"",< 270ºC,""60,15"",""2,04893"",""533,88699"",""35593,3546"",13/03/2023"
"Rio de Janeiro,Santos,3-BRSA-1184-RJS,BÚZIOS,Petrobras,48610012913201005,2023/01,""5.874,0826"",""0,0000"",""5.874,0826"",""227,9805"",""1.502,78200"",""1,1750"",Petrobras 77,UEP,536.0,2022/02,Búzios,""28,7"",< 270ºC,""60,15"",""2,04893"",""533,88699"",""35593,3546"",13/03/2023"
"Rio de Janeiro,Santos,9-BRSA-1191-RJS,BÚZIOS,Petrobras,48610012913201005,2023/01,""7.137,6938"",""0,0000"",""7.137,6938"",""353,1349"",""2.327,76500"",""18,6065"",Petrobras 74 (P-74),UEP,527.0,2022/02,Búzios,""28,7"",< 270ºC,""60,15"",""2,04893"",""533,88699"",""35593,3546"",13/03/2023"
"Rio de Janeiro,Santos,7-BUZ-23-RJS,BÚZIOS,Petrobras,48610012913201005,2023/01,""11.972,6182"",""0,0000"",""11.972,6182"",""542,3568"",""3.575,06200"",""0,0000"",Petrobras 75 (P-75),UEP,532.0,2022/02,Búzios,""28,7"",< 270ºC,""60,15"",""2,04893"",""533,88699"",""35593,3546"",13/03/2023"
"Rio de Janeiro,Santos,7-LL-67D-RJS,AnC_TUPI,Petrobras,486100038862000,2023/01,""11,5728"",""0,0000"",""11,5728"",""1,2515"",""19,41900"",""0,0120"",Petrobras 67 (P-67),UEP,188.0,2022/02,Área de Sul de Tupi,""30,2"",< 270ºC,""71,809"",""2,00144"",""528,22646"",""38798,0539"",13/03/2023"
"Rio de Janeiro,Santos,7-LL-68-RJS,AnC_TUPI,Petrobras,486100038862000,2023/01,""72,8050"",""0,0000"",""72,8050"",""2,3518"",""36,49200"",""0,0749"",Petrobras 67 (P-67),UEP,444.0,2022/02,Área de Sul de Tupi,""30,2"",< 270ºC,""71,809"",""2,00144"",""528,22646"",""38798,0539"",13/03/2023"
"Rio de Janeiro,Santos,7-LL-69-RJS,AnC_TUPI,Petrobras,486100038862000,2023/01,""101,9952"",""0,0000"",""101,9952"",""3,4265"",""53,16700"",""11,0027"",Petrobras 66 (P-66),UEP,677.0,2022/02,Área de Sul de Tupi,""30,2"",< 270ºC,""71,809"",""2,00144"",""528,22646"",""38798,0539"",13/03/2023"
"Rio de Janeiro,Santos,7-LL-70-RJS,AnC_TUPI,Petrobras,486100038862000,2023/01,""47,7466"",""0,0000"",""47,7466"",""7,2162"",""111,97200"",""0,2772"",Petrobras 69,UEP,657.0,2022/02,Área de Sul de Tupi,""30,2"",< 270ºC,""71,809"",""2,00144"",""528,22646"",""38798,0539"",13/03/2023"
"Rio de Janeiro,Santos,7-LL-79D-RJS,AnC_TUPI,Petrobras,486100038862000,2023/01,""45,2724"",""0,0000"",""45,2724"",""1,5878"",""24,63700"",""45,4222"",FPSO CIDADE DE ANGRA DOS REIS,UEP,678.0,2022/02,Área de Sul de Tupi,""30,2"",< 270ºC,""71,809"",""2,00144"",""528,22646"",""38798,0539"",13/03/2023"
"Rio de Janeiro,Santos,7-ATP-6-RJS,ATAPU,Petrobras,48610012913201005,2023/01,""14.274,3290"",""0,0000"",""14.274,3290"",""483,1386"",""1.720,57500"",""18,0903"",Petrobras 70,UEP,287.0,2022/05,ATAPU,""27,7"",< 270ºC,""54,984"",""2,0092"",""529,15034"",""28503,4101"",13/03/2023"
"Rio de Janeiro,Santos,7-SRR-3D-RJS,SURURU,Petrobras,486100038862000A,2023/01,""13.800,4139"",""0,0000"",""13.800,4139"",""417,2865"",""12.926,98800"",""1,0693"",Petrobras 68,UEP,701.0,2022/03,BERBIGAO-SURURU,""28,4"",< 270ºC,""64,624"",""1,99875"",""527,89964"",""40310,4373"",13/03/2023"
"Rio de Janeiro,Santos,9-BRSA-1212-RJS,SURURU,Petrobras,486100038862000,2023/01,""18.792,7803"",""0,0000"",""18.792,7803"",""567,7138"",""17.587,03100"",""13,3240"",Petrobras 68,UEP,699.0,2022/03,BERBIGAO-SURURU,""28,4"",< 270ºC,""64,624"",""1,99875"",""527,89964"",""40310,4373"",13/03/2023"
"Rio de Janeiro,Santos,7-SRR-6D-RJS,SURURU,Petrobras,486100038862000A,2023/01,""17.332,6817"",""0,0000"",""17.332,6817"",""534,3987"",""16.554,97200"",""13,0394"",Petrobras 68,UEP,716.0,2022/03,BERBIGAO-SURURU,""28,4"",< 270ºC,""64,624"",""1,99875"",""527,89964"",""40310,4373"",13/03/2023"
"Rio de Janeiro,Santos,3-BRSA-1181D-RJS,SURURU,Petrobras,486100038862000,2023/01,""7.026,8262"",""0,0000"",""7.026,8262"",""189,1558"",""5.859,79900"",""14,2247"",Petrobras 68,UEP,679.0,2022/03,BERBIGAO-SURURU,""28,4"",< 270ºC,""64,624"",""1,99875"",""527,89964"",""40310,4373"",13/03/2023"
"Rio de Janeiro,Santos,7-SRR-2-RJS,SURURU,Petrobras,486100038862000A,2023/01,""16.351,6966"",""0,0000"",""16.351,6966"",""899,4616"",""27.864,14200"",""12,1016"",Petrobras 68,UEP,690.0,2022/03,BERBIGAO-SURURU,""28,4"",< 270ºC,""64,624"",""1,99875"",""527,89964"",""40310,4373"",13/03/2023"
"Rio de Janeiro,Santos,1-BRSA-1116-RJS,ITAPU,Petrobras,48610012913201005,2023/01,""26.328,3465"",""0,0000"",""26.328,3465"",""308,4252"",""9.526,43900"",""16,5428"",PETROBRAS 71,UEP,0.0,2022/12,ITAPU,""29,3"",< 270ºC,""67,708"",""2,004"",""528,51919"",""42662,1051"",13/03/2023"
"Rio de Janeiro,Santos,7-LL-80DB-RJS,AnC_TUPI,Petrobras,486100038862000,2023/01,""127,8319"",""0,0000"",""127,8319"",""5,1959"",""80,62300"",""3,1376"",FPSO CIDADE DE SAQUAREMA,UEP,646.0,2022/02,Área de Sul de Tupi,""30,2"",< 270ºC,""71,809"",""2,00144"",""528,22646"",""38798,0539"",13/03/2023"
"Rio de Janeiro,Santos,7-LL-59-RJS,AnC_TUPI,Petrobras,486100038862000,2023/01,""106,0519"",""0,0000"",""106,0519"",""4,5006"",""69,83500"",""9,2050"",FPSO CIDADE DE SAQUAREMA,UEP,674.0,2022/02,Área de Sul de Tupi,""30,2"",< 270ºC,""71,809"",""2,00144"",""528,22646"",""38798,0539"",13/03/2023"
"Rio de Janeiro,Santos,7-BUZ-25-RJS,BÚZIOS,Petrobras,48610012913201005,2023/01,""12.528,5693"",""0,0000"",""12.528,5693"",""496,0654"",""3.269,92200"",""0,0000"",Petrobras 74 (P-74),UEP,539.0,2022/02,Búzios,""28,7"",< 270ºC,""60,15"",""2,04893"",""533,88699"",""35593,3546"",13/03/2023"
"Rio de Janeiro,Santos,9-BUZ-7-RJS,BÚZIOS_ECO,Petrobras,48610012913201005,2023/01,""1,0999"",""0,0000"",""1,0999"",""0,0405"",""0,26700"",""0,0000"",Petrobras 74 (P-74),UEP,1.0,2022/02,Búzios,""28,7"",< 270ºC,""60,15"",""2,04893"",""533,88699"",""35593,3546"",13/03/2023"
"Rio de Janeiro,Santos,9-BUZ-4-RJS,BÚZIOS_ECO,Petrobras,48610012913201005,2023/01,""29.805,4926"",""0,0000"",""29.805,4926"",""1.113,5269"",""7.340,05300"",""8,9443"",Petrobras 77,UEP,533.0,2022/02,Búzios,""28,7"",< 270ºC,""60,15"",""2,04893"",""533,88699"",""35593,3546"",13/03/2023"
"Rio de Janeiro,Santos,9-BUZ-3-RJS,BÚZIOS_ECO,Petrobras,48610012913201005,2023/01,""29.834,7041"",""0,0000"",""29.834,7041"",""1.447,2853"",""9.540,09400"",""16,9269"",Petrobras 75 (P-75),UEP,532.0,2022/02,Búzios,""28,7"",< 270ºC,""60,15"",""2,04893"",""533,88699"",""35593,3546"",13/03/2023"
"Rio de Janeiro,Santos,9-BUZ-1-RJS,BÚZIOS_ECO,Petrobras,48610012913201005,2023/01,""20.644,6453"",""0,0000"",""20.644,6453"",""732,1791"",""4.826,31700"",""2,0647"",Petrobras 76,UEP,537.0,2022/02,Búzios,""28,7"",< 270ºC,""60,15"",""2,04893"",""533,88699"",""35593,3546"",13/03/2023"
"Rio de Janeiro,Santos,3-BRSA-1184-RJS,BÚZIOS_ECO,Petrobras,48610012913201005,2023/01,""16.614,3083"",""0,0000"",""16.614,3083"",""644,8221"",""4.250,48400"",""3,3235"",Petrobras 77,UEP,536.0,2022/02,Búzios,""28,7"",< 270ºC,""60,15"",""2,04893"",""533,88699"",""35593,3546"",13/03/2023"
"Rio de Janeiro,Santos,7-BUZ-31D-RJS,BÚZIOS_ECO,Petrobras,48610012913201005,2023/01,""28.898,4673"",""0,0000"",""28.898,4673"",""1.566,1205"",""10.323,42100"",""0,0000"",Petrobras 76,UEP,529.0,2022/02,Búzios,""28,7"",< 270ºC,""60,15"",""2,04893"",""533,88699"",""35593,3546"",13/03/2023"
"Rio de Janeiro,Santos,7-BUZ-30-RJS,BÚZIOS_ECO,Petrobras,48610012913201005,2023/01,""31.036,1165"",""0,0000"",""31.036,1165"",""1.055,3173"",""6.956,35200"",""13,9153"",Petrobras 77,UEP,537.0,2022/02,Búzios,""28,7"",< 270ºC,""60,15"",""2,04893"",""533,88699"",""35593,3546"",13/03/2023"
"Rio de Janeiro,Santos,7-BUZ-29D-RJS,BÚZIOS_ECO,Petrobras,48610012913201005,2023/01,""11.021,1420"",""0,0000"",""11.021,1420"",""683,2389"",""4.503,71700"",""48,1741"",Petrobras 75 (P-75),UEP,345.0,2022/02,Búzios,""28,7"",< 270ºC,""60,15"",""2,04893"",""533,88699"",""35593,3546"",13/03/2023"
"Rio de Janeiro,Santos,7-BUZ-36DA-RJS,BÚZIOS_ECO,Petrobras,48610012913201005,2023/01,""8.355,2308"",""0,0000"",""8.355,2308"",""502,9094"",""3.315,03600"",""4,8918"",Petrobras 77,UEP,537.0,2022/02,Búzios,""28,7"",< 270ºC,""60,15"",""2,04893"",""533,88699"",""35593,3546"",13/03/2023"
"Rio de Janeiro,Santos,7-BUZ-24D-RJS,BÚZIOS_ECO,Petrobras,48610012913201005,2023/01,""33.927,4835"",""0,0000"",""33.927,4835"",""1.386,3496"",""9.138,42300"",""0,0000"",Petrobras 76,UEP,531.0,2022/02,Búzios,""28,7"",< 270ºC,""60,15"",""2,04893"",""533,88699"",""35593,3546"",13/03/2023"
"Rio de Janeiro,Santos,7-BUZ-23-RJS,BÚZIOS_ECO,Petrobras,48610012913201005,2023/01,""33.863,4615"",""0,0000"",""33.863,4615"",""1.534,0069"",""10.111,73800"",""0,0000"",Petrobras 75 (P-75),UEP,532.0,2022/02,Búzios,""28,7"",< 270ºC,""60,15"",""2,04893"",""533,88699"",""35593,3546"",13/03/2023"
"Rio de Janeiro,Santos,7-BUZ-17-RJS,BÚZIOS_ECO,Petrobras,48610012913201005,2023/01,""20.157,5928"",""0,0000"",""20.157,5928"",""791,2101"",""5.215,43200"",""0,0000"",Petrobras 74 (P-74),UEP,529.0,2022/02,Búzios,""28,7"",< 270ºC,""60,15"",""2,04893"",""533,88699"",""35593,3546"",13/03/2023"
"Rio de Janeiro,Santos,7-BUZ-14DA-RJS,BÚZIOS_ECO,Petrobras,48610012913201005,2023/01,""32.677,9898"",""0,0000"",""32.677,9898"",""1.335,2636"",""8.801,67900"",""140,2250"",Petrobras 74 (P-74),UEP,540.0,2022/02,Búzios,""28,7"",< 270ºC,""60,15"",""2,04893"",""533,88699"",""35593,3546"",13/03/2023"
"Rio de Janeiro,Santos,7-LL-113D-RJS,AnC_TUPI,Petrobras,486100038862000,2023/01,""78,7170"",""0,0000"",""78,7170"",""2,3292"",""36,14100"",""0,0000"",Petrobras 67 (P-67),UEP,447.0,2022/02,Área de Sul de Tupi,""30,2"",< 270ºC,""71,809"",""2,00144"",""528,22646"",""38798,0539"",13/03/2023"
"Rio de Janeiro,Santos,7-LL-110D-RJS,AnC_TUPI,Petrobras,486100038862000,2023/01,""42,8366"",""0,0000"",""42,8366"",""2,5606"",""39,73200"",""0,0000"",Petrobras 67 (P-67),UEP,429.0,2022/02,Área de Sul de Tupi,""30,2"",< 270ºC,""71,809"",""2,00144"",""528,22646"",""38798,0539"",13/03/2023"
"Rio de Janeiro,Santos,7-LL-106DA-RJS,AnC_TUPI,Petrobras,486100038862000,2023/01,""10,5091"",""0,0000"",""10,5091"",""0,5984"",""9,28500"",""12,8085"",FPSO CIDADE DE SAQUAREMA,UEP,136.0,2022/02,Área de Sul de Tupi,""30,2"",< 270ºC,""71,809"",""2,00144"",""528,22646"",""38798,0539"",13/03/2023"
"Rio de Janeiro,Santos,7-LL-105-RJS,AnC_TUPI,Petrobras,486100038862000,2023/01,""118,4755"",""0,0000"",""118,4755"",""4,4128"",""68,47200"",""0,0000"",Petrobras 66 (P-66),UEP,677.0,2022/02,Área de Sul de Tupi,""30,2"",< 270ºC,""71,809"",""2,00144"",""528,22646"",""38798,0539"",13/03/2023"
"Rio de Janeiro,Santos,7-LL-97-RJS,AnC_TUPI,Petrobras,486100038862000,2023/01,""41,8329"",""0,0000"",""41,8329"",""2,1393"",""33,19500"",""57,8634"",Petrobras 66 (P-66),UEP,685.0,2022/02,Área de Sul de Tupi,""30,2"",< 270ºC,""71,809"",""2,00144"",""528,22646"",""38798,0539"",13/03/2023"
"Rio de Janeiro,Santos,7-LL-100-RJS,AnC_TUPI,Petrobras,486100038862000,2023/01,""78,3357"",""0,0000"",""78,3357"",""3,3973"",""52,71500"",""0,0552"",Petrobras 66 (P-66),UEP,685.0,2022/02,Área de Sul de Tupi,""30,2"",< 270ºC,""71,809"",""2,00144"",""528,22646"",""38798,0539"",13/03/2023"
"Rio de Janeiro,Santos,7-LL-115-RJS,AnC_TUPI,Petrobras,486100038862000,2023/01,""73,5940"",""0,0000"",""73,5940"",""2,7160"",""42,14400"",""0,0755"",Petrobras 67 (P-67),UEP,423.0,2022/02,Área de Sul de Tupi,""30,2"",< 270ºC,""71,809"",""2,00144"",""528,22646"",""38798,0539"",13/03/2023"
"Rio de Janeiro,Santos,1-BRSA-976-RJS,SÉPIA LESTE,Petrobras,48610012913201005,2023/01,""4.464,7482"",""0,0000"",""4.464,7482"",""194,9751"",""668,05700"",""2,4520"",FPSO Carioca (MV-30),UEP,442.0,2022/05,SEPIA,""27,4"",< 270ºC,""56,4"",""2,00036"",""528,0935"",""30198,2427"",13/03/2023"
"Rio de Janeiro,Santos,9-BRSA-1254-RJS,SÉPIA LESTE,Petrobras,48610012913201005,2023/01,""5.944,2710"",""0,0000"",""5.944,2710"",""181,4632"",""621,76000"",""1,3992"",FPSO Carioca (MV-30),UEP,447.0,2022/05,SEPIA,""27,4"",< 270ºC,""56,4"",""2,00036"",""528,0935"",""30198,2427"",13/03/2023"
"Rio de Janeiro,Santos,7-SEP-6-RJS,SÉPIA LESTE,Petrobras,48610012913201005,2023/01,""4.133,6526"",""0,0000"",""4.133,6526"",""125,9779"",""431,64700"",""0,9733"",FPSO Carioca (MV-30),UEP,447.0,2022/05,SEPIA,""27,4"",< 270ºC,""56,4"",""2,00036"",""528,0935"",""30198,2427"",13/03/2023"
"Rio de Janeiro,Santos,3-BRSA-1201-RJS,SÉPIA LESTE,Petrobras,48610012913201005,2023/01,""5.693,8365"",""0,0000"",""5.693,8365"",""174,1395"",""596,66700"",""2,5835"",FPSO Carioca (MV-30),UEP,449.0,2022/05,SEPIA,""27,4"",< 270ºC,""56,4"",""2,00036"",""528,0935"",""30198,2427"",13/03/2023"
"Rio de Janeiro,Santos,7-BUZ-12-RJS,BÚZIOS_ECO,Petrobras,48610012913201005,2023/01,""22.607,5795"",""0,0000"",""22.607,5795"",""923,9263"",""6.090,26000"",""0,0000"",Petrobras 77,UEP,428.0,2022/02,Búzios,""28,7"",< 270ºC,""60,15"",""2,04893"",""533,88699"",""35593,3546"",13/03/2023"
"Rio de Janeiro,Santos,7-BUZ-10-RJS,BÚZIOS_ECO,Petrobras,48610012913201005,2023/01,""32.494,3915"",""0,0000"",""32.494,3915"",""1.414,5414"",""9.324,25500"",""0,0000"",Petrobras 75 (P-75),UEP,512.0,2022/02,Búzios,""28,7"",< 270ºC,""60,15"",""2,04893"",""533,88699"",""35593,3546"",13/03/2023"
"Rio de Janeiro,Santos,9-BRSA-1191-RJS,BÚZIOS_ECO,Petrobras,48610012913201005,2023/01,""20.188,3177"",""0,0000"",""20.188,3177"",""998,8099"",""6.583,87100"",""52,6262"",Petrobras 74 (P-74),UEP,527.0,2022/02,Búzios,""28,7"",< 270ºC,""60,15"",""2,04893"",""533,88699"",""35593,3546"",13/03/2023"
"Rio de Janeiro,Santos,7-LL-95D-RJS,AnC_TUPI,Petrobras,486100038862000,2023/01,""96,2280"",""0,0000"",""96,2280"",""3,3433"",""51,87700"",""11,3267"",FPSO CIDADE DE ANGRA DOS REIS,UEP,677.0,2022/02,Área de Sul de Tupi,""30,2"",< 270ºC,""71,809"",""2,00144"",""528,22646"",""38798,0539"",13/03/2023"
"Rio de Janeiro,Santos,7-LL-102D-RJS,AnC_TUPI,Petrobras,486100038862000,2023/01,""93,4037"",""0,0000"",""93,4037"",""8,4632"",""131,32200"",""1,7147"",Petrobras 66 (P-66),UEP,678.0,2022/02,Área de Sul de Tupi,""30,2"",< 270ºC,""71,809"",""2,00144"",""528,22646"",""38798,0539"",13/03/2023"
"Rio de Janeiro,Santos,7-LL-119D-RJS,AnC_TUPI,Petrobras,486100038862000,2023/01,""127,5204"",""0,0000"",""127,5204"",""7,7613"",""120,43000"",""0,5251"",FPSO CIDADE DE PARATY,UEP,685.0,2022/02,Área de Sul de Tupi,""30,2"",< 270ºC,""71,809"",""2,00144"",""528,22646"",""38798,0539"",13/03/2023"
"Rio de Janeiro,Santos,9-LL-19-RJS,AnC_TUPI,Petrobras,486100038862000,2023/01,""41,8615"",""0,0000"",""41,8615"",""1,5430"",""23,94200"",""2,1097"",Petrobras 67 (P-67),UEP,426.0,2022/02,Área de Sul de Tupi,""30,2"",< 270ºC,""71,809"",""2,00144"",""528,22646"",""38798,0539"",13/03/2023"
"Rio de Janeiro,Santos,7-SLL-3-RJS,AnC_TUPI,Petrobras,48610012913201005,2023/01,""27,5264"",""0,0000"",""27,5264"",""3,0400"",""47,17100"",""0,0000"",Petrobras 69,UEP,652.0,2022/02,Área de Sul de Tupi,""30,2"",< 270ºC,""71,809"",""2,00144"",""528,22646"",""38798,0539"",13/03/2023"
"Rio de Janeiro,Santos,7-SLL-5-RJS,AnC_TUPI,Petrobras,48610012913201005,2023/01,""91,7338"",""0,0000"",""91,7338"",""4,2888"",""66,54800"",""0,0000"",Petrobras 69,UEP,663.0,2022/02,Área de Sul de Tupi,""30,2"",< 270ºC,""71,809"",""2,00144"",""528,22646"",""38798,0539"",13/03/2023"
"Rio de Janeiro,Santos,7-SLL-8D-RJS,AnC_TUPI,Petrobras,48610012913201005,2023/01,""77,4972"",""0,0000"",""77,4972"",""3,5469"",""55,03600"",""1,2886"",Petrobras 69,UEP,644.0,2022/02,Área de Sul de Tupi,""30,2"",< 270ºC,""71,809"",""2,00144"",""528,22646"",""38798,0539"",13/03/2023"
"Rio de Janeiro,Santos,8-LL-81D-RJS,AnC_TUPI,Petrobras,486100038862000,2023/01,""59,1512"",""0,0000"",""59,1512"",""2,7422"",""42,54900"",""24,6120"",FPSO CIDADE DE SAQUAREMA,UEP,674.0,2022/02,Área de Sul de Tupi,""30,2"",< 270ºC,""71,809"",""2,00144"",""528,22646"",""38798,0539"",13/03/2023"
"Rio de Janeiro,Santos,3-BRSA-1064-RJS,BÚZIOS_ECO,Petrobras,48610012913201005,2023/01,""20.598,0112"",""0,0000"",""20.598,0112"",""846,6343"",""5.580,77300"",""0,0000"",Petrobras 76,UEP,536.0,2022/02,Búzios,""28,7"",< 270ºC,""60,15"",""2,04893"",""533,88699"",""35593,3546"",13/03/2023"
"Rio de Janeiro,Santos,7-BUZ-25-RJS,BÚZIOS_ECO,Petrobras,48610012913201005,2023/01,""35.435,9179"",""0,0000"",""35.435,9179"",""1.403,0758"",""9.248,67800"",""0,0000"",Petrobras 74 (P-74),UEP,539.0,2022/02,Búzios,""28,7"",< 270ºC,""60,15"",""2,04893"",""533,88699"",""35593,3546"",13/03/2023"
"Rio de Janeiro,Santos,9-BUZ-7-RJS,TAMBUATÁ,Petrobras,48610012913201005,2023/01,""0,0095"",""0,0000"",""0,0095"",""0,0004"",""0,00200"",""0,0000"",Petrobras 74 (P-74),UEP,1.0,2022/02,Búzios,""28,7"",< 270ºC,""60,15"",""2,04893"",""533,88699"",""35593,3546"",13/03/2023"
"Rio de Janeiro,Santos,9-BUZ-4-RJS,TAMBUATÁ,Petrobras,48610012913201005,2023/01,""260,3920"",""0,0000"",""260,3920"",""9,7282"",""64,12500"",""0,0781"",Petrobras 77,UEP,533.0,2022/02,Búzios,""28,7"",< 270ºC,""60,15"",""2,04893"",""533,88699"",""35593,3546"",13/03/2023"
"Rio de Janeiro,Santos,9-BUZ-3-RJS,TAMBUATÁ,Petrobras,48610012913201005,2023/01,""260,6473"",""0,0000"",""260,6473"",""12,6440"",""83,34500"",""0,1479"",Petrobras 75 (P-75),UEP,532.0,2022/02,Búzios,""28,7"",< 270ºC,""60,15"",""2,04893"",""533,88699"",""35593,3546"",13/03/2023"
"Rio de Janeiro,Santos,9-BUZ-1-RJS,TAMBUATÁ,Petrobras,48610012913201005,2023/01,""180,3595"",""0,0000"",""180,3595"",""6,3966"",""42,16400"",""0,0181"",Petrobras 76,UEP,537.0,2022/02,Búzios,""28,7"",< 270ºC,""60,15"",""2,04893"",""533,88699"",""35593,3546"",13/03/2023"
"Rio de Janeiro,Santos,3-BRSA-1064-RJS,TAMBUATÁ,Petrobras,48610012913201005,2023/01,""179,9521"",""0,0000"",""179,9521"",""7,3965"",""48,75500"",""0,0000"",Petrobras 76,UEP,536.0,2022/02,Búzios,""28,7"",< 270ºC,""60,15"",""2,04893"",""533,88699"",""35593,3546"",13/03/2023"
"Rio de Janeiro,Santos,7-BUZ-30-RJS,TAMBUATÁ,Petrobras,48610012913201005,2023/01,""271,1434"",""0,0000"",""271,1434"",""9,2196"",""60,77300"",""0,1215"",Petrobras 77,UEP,537.0,2022/02,Búzios,""28,7"",< 270ºC,""60,15"",""2,04893"",""533,88699"",""35593,3546"",13/03/2023"
"Rio de Janeiro,Santos,7-BUZ-29D-RJS,TAMBUATÁ,Petrobras,48610012913201005,2023/01,""96,2848"",""0,0000"",""96,2848"",""5,9690"",""39,34600"",""0,4208"",Petrobras 75 (P-75),UEP,345.0,2022/02,Búzios,""28,7"",< 270ºC,""60,15"",""2,04893"",""533,88699"",""35593,3546"",13/03/2023"
"Rio de Janeiro,Santos,7-BUZ-25-RJS,TAMBUATÁ,Petrobras,48610012913201005,2023/01,""309,5814"",""0,0000"",""309,5814"",""12,2578"",""80,80000"",""0,0000"",Petrobras 74 (P-74),UEP,539.0,2022/02,Búzios,""28,7"",< 270ºC,""60,15"",""2,04893"",""533,88699"",""35593,3546"",13/03/2023"
"Rio de Janeiro,Santos,7-BUZ-36DA-RJS,TAMBUATÁ,Petrobras,48610012913201005,2023/01,""72,9945"",""0,0000"",""72,9945"",""4,3936"",""28,96100"",""0,0428"",Petrobras 77,UEP,537.0,2022/02,Búzios,""28,7"",< 270ºC,""60,15"",""2,04893"",""533,88699"",""35593,3546"",13/03/2023"
"Rio de Janeiro,Santos,7-BUZ-24D-RJS,TAMBUATÁ,Petrobras,48610012913201005,2023/01,""296,4034"",""0,0000"",""296,4034"",""12,1117"",""79,83600"",""0,0000"",Petrobras 76,UEP,531.0,2022/02,Búzios,""28,7"",< 270ºC,""60,15"",""2,04893"",""533,88699"",""35593,3546"",13/03/2023"
"Rio de Janeiro,Santos,7-BUZ-23-RJS,TAMBUATÁ,Petrobras,48610012913201005,2023/01,""295,8441"",""0,0000"",""295,8441"",""13,4017"",""88,34000"",""0,0000"",Petrobras 75 (P-75),UEP,532.0,2022/02,Búzios,""28,7"",< 270ºC,""60,15"",""2,04893"",""533,88699"",""35593,3546"",13/03/2023"
"Rio de Janeiro,Santos,7-BUZ-17-RJS,TAMBUATÁ,Petrobras,48610012913201005,2023/01,""176,1043"",""0,0000"",""176,1043"",""6,9123"",""45,56400"",""0,0000"",Petrobras 74 (P-74),UEP,529.0,2022/02,Búzios,""28,7"",< 270ºC,""60,15"",""2,04893"",""533,88699"",""35593,3546"",13/03/2023"
"Rio de Janeiro,Santos,7-BUZ-14DA-RJS,TAMBUATÁ,Petrobras,48610012913201005,2023/01,""285,4874"",""0,0000"",""285,4874"",""11,6654"",""76,89400"",""1,2251"",Petrobras 74 (P-74),UEP,540.0,2022/02,Búzios,""28,7"",< 270ºC,""60,15"",""2,04893"",""533,88699"",""35593,3546"",13/03/2023"
"Rio de Janeiro,Santos,7-BUZ-10-RJS,TAMBUATÁ,Petrobras,48610012913201005,2023/01,""283,8833"",""0,0000"",""283,8833"",""12,3580"",""81,46000"",""0,0000"",Petrobras 75 (P-75),UEP,512.0,2022/02,Búzios,""28,7"",< 270ºC,""60,15"",""2,04893"",""533,88699"",""35593,3546"",13/03/2023"
"Rio de Janeiro,Santos,3-BRSA-1184-RJS,TAMBUATÁ,Petrobras,48610012913201005,2023/01,""145,1489"",""0,0000"",""145,1489"",""5,6334"",""37,13300"",""0,0290"",Petrobras 77,UEP,536.0,2022/02,Búzios,""28,7"",< 270ºC,""60,15"",""2,04893"",""533,88699"",""35593,3546"",13/03/2023"
"Rio de Janeiro,Santos,8-LL-87D-RJS,AnC_TUPI,Petrobras,486100038862000,2023/01,""101,0133"",""0,0000"",""101,0133"",""3,5486"",""55,06300"",""5,1747"",FPSO CIDADE DE MARICÁ,UEP,491.0,2022/02,Área de Sul de Tupi,""30,2"",< 270ºC,""71,809"",""2,00144"",""528,22646"",""38798,0539"",13/03/2023"
"Rio de Janeiro,Santos,9-LL-7-RJS,AnC_TUPI,Petrobras,486100038862000,2023/01,""93,2123"",""0,0000"",""93,2123"",""4,1484"",""64,36900"",""2,5821"",FPSO CIDADE DE SAQUAREMA,UEP,645.0,2022/02,Área de Sul de Tupi,""30,2"",< 270ºC,""71,809"",""2,00144"",""528,22646"",""38798,0539"",13/03/2023"
"Rio de Janeiro,Santos,9-LL-12D-RJS,AnC_TUPI,Petrobras,486100038862000,2023/01,""106,3615"",""0,0000"",""106,3615"",""4,7144"",""73,15200"",""1,4010"",FPSO CIDADE DE MARICÁ,UEP,511.0,2022/02,Área de Sul de Tupi,""30,2"",< 270ºC,""71,809"",""2,00144"",""528,22646"",""38798,0539"",13/03/2023"
"Rio de Janeiro,Santos,3-BRSA-854-RJS,AnC_TUPI,Petrobras,486100038862000,2023/01,""106,0744"",""0,0000"",""106,0744"",""3,8291"",""59,41600"",""0,0000"",Petrobras 69,UEP,650.0,2022/02,Área de Sul de Tupi,""30,2"",< 270ºC,""71,809"",""2,00144"",""528,22646"",""38798,0539"",13/03/2023"
"Rio de Janeiro,Santos,7-LL-91-RJS,AnC_TUPI,Petrobras,486100038862000,2023/01,""111,9941"",""0,0000"",""111,9941"",""4,1286"",""64,06200"",""0,1120"",FPSO CIDADE DE SAQUAREMA,UEP,639.0,2022/02,Área de Sul de Tupi,""30,2"",< 270ºC,""71,809"",""2,00144"",""528,22646"",""38798,0539"",13/03/2023"
"Rio de Janeiro,Santos,7-SLL-2-RJS,AnC_TUPI,Petrobras,48610012913201005,2023/01,""133,5860"",""0,0000"",""133,5860"",""4,6698"",""72,46100"",""0,3908"",Petrobras 69,UEP,665.0,2022/02,Área de Sul de Tupi,""30,2"",< 270ºC,""71,809"",""2,00144"",""528,22646"",""38798,0539"",13/03/2023"
"Rio de Janeiro,Santos,7-LL-90D-RJS,AnC_TUPI,Petrobras,486100038862000,2023/01,""90,0060"",""0,0000"",""90,0060"",""3,2942"",""51,11500"",""6,7861"",Petrobras 66 (P-66),UEP,653.0,2022/02,Área de Sul de Tupi,""30,2"",< 270ºC,""71,809"",""2,00144"",""528,22646"",""38798,0539"",13/03/2023"
"Rio de Janeiro,Santos,7-LL-46-RJS,AnC_TUPI,Petrobras,486100038862000,2023/01,""55,4538"",""0,0000"",""55,4538"",""6,6543"",""103,25400"",""1,4775"",FPSO CIDADE DE SAQUAREMA,UEP,672.0,2022/02,Área de Sul de Tupi,""30,2"",< 270ºC,""71,809"",""2,00144"",""528,22646"",""38798,0539"",13/03/2023"
"Rio de Janeiro,Santos,7-LL-84D-RJS,AnC_TUPI,Petrobras,486100038862000,2023/01,""97,2330"",""0,0000"",""97,2330"",""3,3507"",""51,99200"",""3,3182"",FPSO CIDADE DE MARICÁ,UEP,500.0,2022/02,Área de Sul de Tupi,""30,2"",< 270ºC,""71,809"",""2,00144"",""528,22646"",""38798,0539"",13/03/2023"
"Rio de Janeiro,Santos,7-LL-85-RJS,AnC_TUPI,Petrobras,486100038862000,2023/01,""13,7745"",""0,0000"",""13,7745"",""1,0957"",""17,00200"",""13,9415"",FPSO CIDADE DE SAQUAREMA,UEP,477.0,2022/02,Área de Sul de Tupi,""30,2"",< 270ºC,""71,809"",""2,00144"",""528,22646"",""38798,0539"",13/03/2023"
"Rio de Janeiro,Santos,7-SEP-6-RJS,SÉPIA,Petrobras,48610012913201005,2023/01,""9.424,4265"",""0,0000"",""9.424,4265"",""287,2204"",""994,94900"",""2,2191"",FPSO Carioca (MV-30),UEP,447.0,2022/05,SEPIA,""27,4"",< 270ºC,""56,4"",""2,00036"",""528,0935"",""30198,2427"",13/03/2023"
"Rio de Janeiro,Santos,3-BRSA-1201-RJS,SÉPIA,Petrobras,48610012913201005,2023/01,""12.981,5324"",""0,0000"",""12.981,5324"",""397,0253"",""1.375,32000"",""5,8903"",FPSO Carioca (MV-30),UEP,449.0,2022/05,SEPIA,""27,4"",< 270ºC,""56,4"",""2,00036"",""528,0935"",""30198,2427"",13/03/2023"
"Rio de Janeiro,Santos,1-BRSA-976-RJS,SÉPIA,Petrobras,48610012913201005,2023/01,""10.179,3001"",""0,0000"",""10.179,3001"",""444,5291"",""1.539,87600"",""5,5902"",FPSO Carioca (MV-30),UEP,442.0,2022/05,SEPIA,""27,4"",< 270ºC,""56,4"",""2,00036"",""528,0935"",""30198,2427"",13/03/2023"
"Rio de Janeiro,Santos,9-BRSA-1254-RJS,SÉPIA,Petrobras,48610012913201005,2023/01,""13.552,5051"",""0,0000"",""13.552,5051"",""413,7228"",""1.433,16100"",""3,1902"",FPSO Carioca (MV-30),UEP,447.0,2022/05,SEPIA,""27,4"",< 270ºC,""56,4"",""2,00036"",""528,0935"",""30198,2427"",13/03/2023"
"Rio de Janeiro,Santos,1-BRSA-1146-RJS,ATAPU,Petrobras,48610012913201005,2023/01,""4.865,2301"",""0,0000"",""4.865,2301"",""271,0117"",""965,13800"",""4,1160"",Petrobras 70,UEP,287.0,2022/05,ATAPU,""27,7"",< 270ºC,""54,984"",""2,0092"",""529,15034"",""28503,4101"",13/03/2023"
"Rio de Janeiro,Santos,3-BRSA-1172-RJS,ATAPU,Petrobras,48610012913201005,2023/01,""8.370,9945"",""0,0000"",""8.370,9945"",""302,7180"",""1.078,05300"",""6,7179"",Petrobras 70,UEP,356.0,2022/05,ATAPU,""27,7"",< 270ºC,""54,984"",""2,0092"",""529,15034"",""28503,4101"",13/03/2023"
"Rio de Janeiro,Santos,9-BRSA-1284-RJS,ATAPU,Petrobras,48610012913201005,2023/01,""6.760,0455"",""0,0000"",""6.760,0455"",""226,9016"",""808,05200"",""5,2262"",Petrobras 70,UEP,317.0,2022/05,ATAPU,""27,7"",< 270ºC,""54,984"",""2,0092"",""529,15034"",""28503,4101"",13/03/2023"
"Rio de Janeiro,Santos,7-OATP-1-RJS,ATAPU,Petrobras,486100038862000,2023/01,""9.384,0419"",""0,0000"",""9.384,0419"",""321,7737"",""1.145,91500"",""29,2687"",Petrobras 70,UEP,348.0,2022/05,ATAPU,""27,7"",< 270ºC,""54,984"",""2,0092"",""529,15034"",""28503,4101"",13/03/2023"
"Rio de Janeiro,Santos,9-ATP-1-RJS,ATAPU,Petrobras,48610012913201005,2023/01,""1.390,6202"",""0,0000"",""1.390,6202"",""46,8905"",""166,98800"",""0,3790"",Petrobras 70,UEP,45.0,2022/05,ATAPU,""27,7"",< 270ºC,""54,984"",""2,0092"",""529,15034"",""28503,4101"",13/03/2023"
"Rio de Janeiro,Santos,9-BRSA-908D-RJS,AnC_TUPI,Petrobras,486100038862000,2023/01,""21,3358"",""0,0000"",""21,3358"",""1,0536"",""16,34900"",""12,1184"",FPSO CIDADE DE ANGRA DOS REIS,UEP,676.0,2022/02,Área de Sul de Tupi,""30,2"",< 270ºC,""71,809"",""2,00144"",""528,22646"",""38798,0539"",13/03/2023"
"Rio de Janeiro,Santos,4-BRSA-1047-RJS,AnC_TUPI,Petrobras,48610012913201005,2023/01,""97,2614"",""0,0000"",""97,2614"",""3,3360"",""51,76400"",""3,5426"",Petrobras 69,UEP,661.0,2022/02,Área de Sul de Tupi,""30,2"",< 270ºC,""71,809"",""2,00144"",""528,22646"",""38798,0539"",13/03/2023"
"Rio de Janeiro,Santos,7-LL-3D-RJS,AnC_TUPI,Petrobras,486100038862000,2023/01,""0,9037"",""0,0000"",""0,9037"",""0,0425"",""0,65800"",""3,0053"",FPSO CIDADE DE ANGRA DOS REIS,UEP,75.0,2022/02,Área de Sul de Tupi,""30,2"",< 270ºC,""71,809"",""2,00144"",""528,22646"",""38798,0539"",13/03/2023"
"Rio de Janeiro,Santos,7-LL-11-RJS,AnC_TUPI,Petrobras,486100038862000,2023/01,""32,9939"",""0,0000"",""32,9939"",""1,8838"",""29,23000"",""63,1174"",FPSO CIDADE DE PARATY,UEP,685.0,2022/02,Área de Sul de Tupi,""30,2"",< 270ºC,""71,809"",""2,00144"",""528,22646"",""38798,0539"",13/03/2023"
"Rio de Janeiro,Santos,7-LL-15D-RJS,AnC_TUPI,Petrobras,486100038862000,2023/01,""152,6334"",""0,0000"",""152,6334"",""5,4730"",""84,92300"",""6,2649"",FPSO CIDADE DE PARATY,UEP,685.0,2022/02,Área de Sul de Tupi,""30,2"",< 270ºC,""71,809"",""2,00144"",""528,22646"",""38798,0539"",13/03/2023"
"Rio de Janeiro,Santos,7-LL-22D-RJS,AnC_TUPI,Petrobras,486100038862000,2023/01,""114,9449"",""0,0000"",""114,9449"",""4,4267"",""68,68900"",""0,4734"",FPSO CIDADE DE PARATY,UEP,685.0,2022/02,Área de Sul de Tupi,""30,2"",< 270ºC,""71,809"",""2,00144"",""528,22646"",""38798,0539"",13/03/2023"
"Rio de Janeiro,Santos,7-LL-28D-RJS,AnC_TUPI,Petrobras,486100038862000,2023/01,""115,6505"",""0,0000"",""115,6505"",""4,0585"",""62,97500"",""11,3020"",FPSO CIDADE DE PARATY,UEP,685.0,2022/02,Área de Sul de Tupi,""30,2"",< 270ºC,""71,809"",""2,00144"",""528,22646"",""38798,0539"",13/03/2023"
"Rio de Janeiro,Santos,7-LL-34D-RJS,AnC_TUPI,Petrobras,486100038862000,2023/01,""52,1997"",""0,0000"",""52,1997"",""1,8819"",""29,20100"",""0,0000"",Petrobras 67 (P-67),UEP,438.0,2022/02,Área de Sul de Tupi,""30,2"",< 270ºC,""71,809"",""2,00144"",""528,22646"",""38798,0539"",13/03/2023"
"Rio de Janeiro,Santos,7-LL-48D-RJS,AnC_TUPI,Petrobras,486100038862000,2023/01,""98,1539"",""0,0000"",""98,1539"",""3,5955"",""55,79100"",""7,2743"",FPSO CIDADE DE MARICÁ,UEP,529.0,2022/02,Área de Sul de Tupi,""30,2"",< 270ºC,""71,809"",""2,00144"",""528,22646"",""38798,0539"",13/03/2023"
"Rio de Janeiro,Santos,3-BRSA-496-RJS,AnC_TUPI,Petrobras,486100038862000,2023/01,""28,1676"",""0,0000"",""28,1676"",""1,5160"",""23,52300"",""27,7082"",FPSO CIDADE DE ANGRA DOS REIS,UEP,682.0,2022/02,Área de Sul de Tupi,""30,2"",< 270ºC,""71,809"",""2,00144"",""528,22646"",""38798,0539"",13/03/2023"
"Rio de Janeiro,Santos,7-LL-60D-RJS,AnC_TUPI,Petrobras,486100038862000,2023/01,""68,9221"",""0,0000"",""68,9221"",""4,7400"",""73,55000"",""25,5238"",Petrobras 66 (P-66),UEP,680.0,2022/02,Área de Sul de Tupi,""30,2"",< 270ºC,""71,809"",""2,00144"",""528,22646"",""38798,0539"",13/03/2023"
"Rio de Janeiro,Santos,7-LL-61-RJS,AnC_TUPI,Petrobras,486100038862000,2023/01,""106,3550"",""0,0000"",""106,3550"",""3,6742"",""57,01200"",""0,8578"",FPSO CIDADE DE MARICÁ,UEP,535.0,2022/02,Área de Sul de Tupi,""30,2"",< 270ºC,""71,809"",""2,00144"",""528,22646"",""38798,0539"",13/03/2023"
"Rio de Janeiro,Santos,7-LL-66-RJS,AnC_TUPI,Petrobras,486100038862000,2023/01,""98,6023"",""0,0000"",""98,6023"",""3,3287"",""51,65100"",""1,4935"",FPSO CIDADE DE MARICÁ,UEP,548.0,2022/02,Área de Sul de Tupi,""30,2"",< 270ºC,""71,809"",""2,00144"",""528,22646"",""38798,0539"",13/03/2023"
"Rio de Janeiro,Santos,9-BRSA-1191-RJS,TAMBUATÁ,Petrobras,48610012913201005,2023/01,""176,3728"",""0,0000"",""176,3728"",""8,7260"",""57,51900"",""0,4598"",Petrobras 74 (P-74),UEP,527.0,2022/02,Búzios,""28,7"",< 270ºC,""60,15"",""2,04893"",""533,88699"",""35593,3546"",13/03/2023"
"Rio de Janeiro,Santos,7-BUZ-12-RJS,TAMBUATÁ,Petrobras,48610012913201005,2023/01,""197,5084"",""0,0000"",""197,5084"",""8,0718"",""53,20600"",""0,0000"",Petrobras 77,UEP,428.0,2022/02,Búzios,""28,7"",< 270ºC,""60,15"",""2,04893"",""533,88699"",""35593,3546"",13/03/2023"
"Rio de Janeiro,Santos,7-BUZ-31D-RJS,TAMBUATÁ,Petrobras,48610012913201005,2023/01,""252,4679"",""0,0000"",""252,4679"",""13,6822"",""90,18900"",""0,0000"",Petrobras 76,UEP,529.0,2022/02,Búzios,""28,7"",< 270ºC,""60,15"",""2,04893"",""533,88699"",""35593,3546"",13/03/2023"
"Rio de Janeiro,Santos,9-BUZ-7-RJS,BÚZIOS,Petrobras,48610012913201005,2023/01,""0,3890"",""0,0000"",""0,3890"",""0,0143"",""0,09400"",""0,0000"",Petrobras 74 (P-74),UEP,1.0,2022/02,Búzios,""28,7"",< 270ºC,""60,15"",""2,04893"",""533,88699"",""35593,3546"",13/03/2023"
"Rio de Janeiro,Santos,9-BUZ-4-RJS,BÚZIOS,Petrobras,48610012913201005,2023/01,""10.537,9002"",""0,0000"",""10.537,9002"",""393,6937"",""2.595,11700"",""3,1624"",Petrobras 77,UEP,533.0,2022/02,Búzios,""28,7"",< 270ºC,""60,15"",""2,04893"",""533,88699"",""35593,3546"",13/03/2023"
"Rio de Janeiro,Santos,9-BUZ-3-RJS,BÚZIOS,Petrobras,48610012913201005,2023/01,""10.548,2283"",""0,0000"",""10.548,2283"",""511,6959"",""3.372,95400"",""5,9847"",Petrobras 75 (P-75),UEP,532.0,2022/02,Búzios,""28,7"",< 270ºC,""60,15"",""2,04893"",""533,88699"",""35593,3546"",13/03/2023"
"Rio de Janeiro,Santos,9-BUZ-1-RJS,BÚZIOS,Petrobras,48610012913201005,2023/01,""7.299,0309"",""0,0000"",""7.299,0309"",""258,8661"",""1.706,37100"",""0,7300"",Petrobras 76,UEP,537.0,2022/02,Búzios,""28,7"",< 270ºC,""60,15"",""2,04893"",""533,88699"",""35593,3546"",13/03/2023"
"Rio de Janeiro,Santos,3-BRSA-1064-RJS,BÚZIOS,Petrobras,48610012913201005,2023/01,""7.282,5431"",""0,0000"",""7.282,5431"",""299,3324"",""1.973,11300"",""0,0000"",Petrobras 76,UEP,536.0,2022/02,Búzios,""28,7"",< 270ºC,""60,15"",""2,04893"",""533,88699"",""35593,3546"",13/03/2023"
"Rio de Janeiro,Santos,7-BUZ-31D-RJS,BÚZIOS,Petrobras,48610012913201005,2023/01,""10.217,2163"",""0,0000"",""10.217,2163"",""553,7107"",""3.649,90300"",""0,0000"",Petrobras 76,UEP,529.0,2022/02,Búzios,""28,7"",< 270ºC,""60,15"",""2,04893"",""533,88699"",""35593,3546"",13/03/2023"
"Rio de Janeiro,Santos,7-BUZ-30-RJS,BÚZIOS,Petrobras,48610012913201005,2023/01,""10.972,9944"",""0,0000"",""10.972,9944"",""373,1134"",""2.459,45700"",""4,9198"",Petrobras 77,UEP,537.0,2022/02,Búzios,""28,7"",< 270ºC,""60,15"",""2,04893"",""533,88699"",""35593,3546"",13/03/2023"
"Rio de Janeiro,Santos,7-BUZ-29D-RJS,BÚZIOS,Petrobras,48610012913201005,2023/01,""3.896,5870"",""0,0000"",""3.896,5870"",""241,5630"",""1.592,31400"",""17,0322"",Petrobras 75 (P-75),UEP,345.0,2022/02,Búzios,""28,7"",< 270ºC,""60,15"",""2,04893"",""533,88699"",""35593,3546"",13/03/2023"
"Rio de Janeiro,Santos,7-BUZ-36DA-RJS,BÚZIOS,Petrobras,48610012913201005,2023/01,""2.954,0391"",""0,0000"",""2.954,0391"",""177,8065"",""1.172,04900"",""1,7295"",Petrobras 77,UEP,537.0,2022/02,Búzios,""28,7"",< 270ºC,""60,15"",""2,04893"",""533,88699"",""35593,3546"",13/03/2023"
"Rio de Janeiro,Santos,7-BUZ-24D-RJS,BÚZIOS,Petrobras,48610012913201005,2023/01,""11.995,2534"",""0,0000"",""11.995,2534"",""490,1517"",""3.230,94100"",""0,0000"",Petrobras 76,UEP,531.0,2022/02,Búzios,""28,7"",< 270ºC,""60,15"",""2,04893"",""533,88699"",""35593,3546"",13/03/2023"
